{
    "total": 0.00342878,
    "sub": [
        {
            "class_name": "Driver",
            "sub": [
                {
                "name": "atomic_world",
                "cpu_second": 0,
                "calls": 1,
                "cpu_second_per_call": 0.000000000000000,
                "cpu_second_per_total": 0.000000000000000
                },
                {
                "name": "reading",
                "cpu_second": 0.003233811,
                "calls": 1,
                "cpu_second_per_call": 0.003233811000000,
                "cpu_second_per_total": 0.943138601063470
                }
            ]
        },
        {
            "class_name": "Input_Conv",
            "sub": [
                {
                "name": "Convert",
                "cpu_second": 0.000200062,
                "calls": 1,
                "cpu_second_per_call": 0.000200062000000,
                "cpu_second_per_total": 0.058347935239864
                }
            ]
        }
    ]
}
