{
    "total": 0.00626288,
    "sub": [
        {
            "class_name": "Driver",
            "sub": [
                {
                "name": "atomic_world",
                "cpu_second": 0,
                "calls": 1,
                "cpu_second_per_call": 0.000000000000000,
                "cpu_second_per_total": 0.000000000000000
                },
                {
                "name": "reading",
                "cpu_second": 0.005644174,
                "calls": 1,
                "cpu_second_per_call": 0.005644174000000,
                "cpu_second_per_total": 0.901210625143704
                }
            ]
        },
        {
            "class_name": "Input_Conv",
            "sub": [
                {
                "name": "Convert",
                "cpu_second": 0.000204232,
                "calls": 1,
                "cpu_second_per_call": 0.000204232000000,
                "cpu_second_per_total": 0.032609917482053
                }
            ]
        }
    ]
}
