{
    "total": 0.00716434,
    "sub": [
        {
            "class_name": "Driver",
            "sub": [
                {
                "name": "atomic_world",
                "cpu_second": 0,
                "calls": 1,
                "cpu_second_per_call": 0.000000000000000,
                "cpu_second_per_total": 0.000000000000000
                },
                {
                "name": "reading",
                "cpu_second": 0.006180162,
                "calls": 1,
                "cpu_second_per_call": 0.006180162000000,
                "cpu_second_per_total": 0.862628480119168
                }
            ]
        },
        {
            "class_name": "Input_Conv",
            "sub": [
                {
                "name": "Convert",
                "cpu_second": 0.000229277,
                "calls": 1,
                "cpu_second_per_call": 0.000229277000000,
                "cpu_second_per_total": 0.032002538127040
                }
            ]
        }
    ]
}
